frame,time_s,bee_id,x,y,speed_mps
0,0.0,1,638.5,128.0,0.0
0,0.0,2,196.5,307.0,0.0
0,0.0,3,141.0,445.5,0.0
1,0.05,1,639.0,127.5,0.001537
1,0.05,2,196.5,304.0,0.006522
1,0.05,3,140.0,444.5,0.003074
2,0.1,1,639.0,128.0,0.001087
2,0.1,2,200.0,298.5,0.014172
2,0.1,3,139.5,446.5,0.004482
3,0.15,1,638.5,128.0,0.001087
3,0.15,2,198.0,295.5,0.007838
3,0.15,3,137.0,451.5,0.012153
4,0.2,1,638.5,128.5,0.001087
4,0.2,2,196.0,293.5,0.006149
4,0.2,3,137.0,454.5,0.006522
5,0.25,1,638.5,128.5,0.0
5,0.25,2,196.5,291.5,0.004482
5,0.25,3,137.0,456.5,0.004348
6,0.3,1,638.5,127.5,0.002174
6,0.3,2,199.0,286.0,0.013134
6,0.3,3,137.0,455.5,0.002174
7,0.35,1,638.5,127.5,0.0
7,0.35,2,202.0,283.0,0.009223
7,0.35,3,137.5,455.5,0.001087
8,0.4,1,639.0,128.0,0.001537
8,0.4,2,205.0,278.5,0.011757
8,0.4,3,138.0,454.0,0.003437
9,0.45,1,639.0,129.5,0.003261
9,0.45,2,206.5,272.0,0.014502
9,0.45,3,138.5,453.5,0.001537
10,0.5,1,639.5,130.5,0.002431
10,0.5,2,208.5,266.5,0.012722
10,0.5,3,138.5,452.5,0.002174
11,0.55,1,639.5,131.0,0.001087
11,0.55,2,210.5,262.0,0.010705
11,0.55,3,138.5,453.0,0.001087
12,0.6,1,639.0,131.5,0.001537
12,0.6,2,213.0,251.5,0.023464
12,0.6,3,138.5,452.5,0.001087
13,0.65,1,639.5,132.5,0.002431
13,0.65,2,216.5,246.5,0.013268
13,0.65,3,139.0,447.5,0.010924
14,0.7,1,639.5,133.5,0.002174
14,0.7,2,216.0,246.0,0.001537
14,0.7,3,139.0,444.5,0.006522
15,0.75,1,640.0,134.5,0.002431
15,0.75,2,216.5,246.5,0.001537
15,0.75,3,139.5,442.5,0.004482
16,0.8,1,640.5,135.0,0.001537
16,0.8,2,219.5,250.0,0.010021
16,0.8,3,140.0,442.0,0.001537
17,0.85,1,641.0,136.0,0.002431
17,0.85,2,219.5,251.0,0.002174
17,0.85,3,140.5,440.5,0.003437
18,0.9,1,642.0,136.5,0.002431
18,0.9,2,222.5,248.5,0.008489
18,0.9,3,140.0,438.5,0.004482
19,0.95,1,645.5,136.5,0.007609
19,0.95,2,226.0,243.0,0.014172
19,0.95,3,140.5,437.5,0.002431
20,1.0,1,647.0,138.0,0.004612
20,1.0,2,232.5,243.5,0.014172
20,1.0,3,140.5,437.5,0.0
21,1.05,1,648.0,141.0,0.006875
21,1.05,2,237.5,244.5,0.011085
21,1.05,3,141.0,438.5,0.002431
22,1.1,1,649.5,144.5,0.008278
22,1.1,2,239.5,245.0,0.004482
22,1.1,3,141.5,437.5,0.002431
23,1.15,1,650.0,147.5,0.006612
23,1.15,2,242.5,245.0,0.006522
23,1.15,3,141.0,438.5,0.002431
24,1.2,1,651.5,151.0,0.008278
24,1.2,2,243.5,250.0,0.011085
24,1.2,3,140.5,441.0,0.005542
25,1.25,1,653.0,154.0,0.007292
25,1.25,2,249.0,250.0,0.011957
25,1.25,3,140.0,443.0,0.004482
26,1.3,1,655.0,160.0,0.013749
26,1.3,2,255.0,252.0,0.013749
26,1.3,3,140.0,444.0,0.002174
27,1.35,1,657.0,164.0,0.009722
27,1.35,2,262.5,256.5,0.019014
27,1.35,3,139.5,445.0,0.002431
28,1.4,1,657.5,166.5,0.005542
28,1.4,2,269.0,259.5,0.015563
28,1.4,3,140.0,445.5,0.001537
29,1.45,1,656.0,169.0,0.006338
29,1.45,2,272.5,261.0,0.008278
29,1.45,3,140.0,445.5,0.0
30,1.5,1,656.0,172.0,0.006522
30,1.5,2,277.5,263.0,0.011707
30,1.5,3,140.5,446.0,0.001537
31,1.55,1,655.5,173.5,0.003437
31,1.55,2,284.0,265.5,0.01514
31,1.55,3,140.5,445.5,0.001087
32,1.6,1,655.0,175.0,0.003437
32,1.6,2,292.0,271.0,0.021105
32,1.6,3,139.5,445.5,0.002174
33,1.65,1,655.0,179.5,0.009783
33,1.65,2,298.0,278.0,0.020042
33,1.65,3,139.5,445.5,0.0
34,1.7,1,654.0,183.5,0.008963
34,1.7,2,302.0,283.0,0.01392
34,1.7,3,139.0,446.5,0.002431
35,1.75,1,653.5,187.5,0.008763
35,1.75,2,310.5,285.5,0.019261
35,1.75,3,140.5,449.0,0.006338
36,1.8,1,653.0,191.0,0.007686
36,1.8,2,314.5,290.0,0.013089
36,1.8,3,149.5,473.0,0.055722
37,1.85,1,652.5,193.5,0.005542
37,1.85,2,321.0,300.0,0.025928
37,1.85,3,160.0,497.0,0.056949
38,1.9,1,650.5,194.5,0.004861
38,1.9,2,325.0,306.0,0.015676
38,1.9,3,169.5,502.5,0.023864
39,1.95,1,649.5,194.5,0.002174
39,1.95,2,327.5,314.0,0.018221
39,1.95,3,174.5,500.0,0.012153
40,2.0,1,648.0,195.0,0.003437
40,2.0,2,333.0,321.5,0.020219
40,2.0,3,175.5,496.0,0.008963
41,2.05,1,646.0,197.5,0.00696
41,2.05,2,339.5,325.5,0.016592
41,2.05,3,176.5,492.0,0.008963
42,2.1,1,643.5,202.5,0.012153
42,2.1,2,342.0,327.5,0.00696
42,2.1,3,179.5,481.0,0.024786
43,2.15,1,640.0,209.0,0.016049
43,2.15,2,344.5,333.0,0.013134
43,2.15,3,184.5,476.0,0.015372
44,2.2,1,639.5,212.5,0.007686
44,2.2,2,346.0,340.5,0.016627
44,2.2,3,192.0,490.5,0.035489
45,2.25,1,634.5,219.0,0.017827
45,2.25,2,347.5,347.0,0.014502
45,2.25,3,194.5,507.0,0.036279
46,2.3,1,630.5,223.5,0.013089
46,2.3,2,351.0,355.5,0.019983
46,2.3,3,194.5,516.0,0.019565
47,2.35,1,629.0,229.5,0.013445
47,2.35,2,357.5,364.0,0.023262
47,2.35,3,194.5,521.0,0.01087
48,2.4,1,628.5,236.5,0.015256
48,2.4,2,368.0,367.0,0.023739
48,2.4,3,193.0,524.5,0.008278
49,2.45,1,628.5,243.5,0.015217
49,2.45,2,375.0,368.5,0.015563
49,2.45,3,194.0,525.0,0.002431
50,2.5,1,628.5,249.5,0.013043
50,2.5,2,381.5,376.5,0.022408
50,2.5,3,194.0,526.0,0.002174
51,2.55,1,628.5,254.5,0.01087
51,2.55,2,387.0,382.5,0.017694
51,2.55,3,199.0,525.0,0.011085
52,2.6,1,626.5,262.5,0.017927
52,2.6,2,391.5,387.5,0.014624
52,2.6,3,205.0,531.5,0.01923
53,2.65,1,621.0,269.0,0.01851
53,2.65,2,392.5,392.0,0.010021
53,2.65,3,206.5,543.5,0.02629
54,2.7,1,614.5,274.0,0.017827
54,2.7,2,393.0,398.0,0.013089
54,2.7,3,206.0,549.0,0.012006
55,2.75,1,611.0,278.5,0.012393
55,2.75,2,395.5,406.5,0.019261
55,2.75,3,206.5,548.5,0.001537
56,2.8,1,610.5,283.0,0.009843
56,2.8,2,400.5,411.0,0.014624
56,2.8,3,207.5,548.5,0.002174
57,2.85,1,611.0,285.0,0.004482
57,2.85,2,403.0,419.0,0.018221
57,2.85,3,208.0,551.5,0.006612
58,2.9,1,611.5,290.5,0.012006
58,2.9,2,404.5,426.5,0.016627
58,2.9,3,206.0,554.0,0.00696
59,2.95,1,609.5,301.0,0.023236
59,2.95,2,404.0,432.5,0.013089
59,2.95,3,205.0,553.0,0.003074
60,3.0,1,609.5,307.0,0.013043
60,3.0,2,401.0,436.5,0.01087
60,3.0,3,210.0,548.5,0.014624
61,3.05,1,608.5,314.5,0.016449
61,3.05,2,399.5,445.5,0.019835
61,3.05,3,218.5,535.0,0.034681
62,3.1,1,608.0,321.5,0.015256
62,3.1,2,399.5,456.5,0.023913
62,3.1,3,221.5,529.5,0.01362
63,3.15,1,604.0,318.5,0.01087
63,3.15,2,399.5,467.5,0.023913
63,3.15,3,219.0,539.0,0.021355
64,3.2,1,600.5,317.5,0.007913
64,3.2,2,398.5,480.0,0.027261
64,3.2,3,220.5,544.5,0.012393
65,3.25,1,597.0,316.5,0.007913
65,3.25,2,399.5,487.5,0.016449
65,3.25,3,222.0,549.0,0.010312
66,3.3,1,593.0,317.0,0.008763
66,3.3,2,398.5,493.5,0.013223
66,3.3,3,221.5,548.5,0.001537
67,3.35,1,589.5,316.5,0.007686
67,3.35,2,400.5,505.0,0.025375
67,3.35,3,217.5,546.5,0.009722
68,3.4,1,588.0,314.5,0.005435
68,3.4,2,405.0,517.5,0.028881
68,3.4,3,211.5,544.5,0.013749
69,3.45,1,585.5,314.0,0.005542
69,3.45,2,406.5,531.5,0.030609
69,3.45,3,210.0,545.0,0.003437
70,3.5,1,584.0,311.5,0.006338
70,3.5,2,407.0,542.0,0.022852
70,3.5,3,200.0,546.0,0.021848
71,3.55,1,581.5,310.5,0.005853
71,3.55,2,408.5,552.0,0.021982
71,3.55,3,192.0,545.5,0.017425
72,3.6,1,577.5,309.5,0.008963
72,3.6,2,412.5,564.5,0.028531
72,3.6,3,190.5,548.0,0.006338
73,3.65,1,573.0,309.0,0.009843
73,3.65,2,419.5,571.5,0.021521
73,3.65,3,192.0,552.0,0.009287
74,3.7,1,570.5,305.5,0.00935
74,3.7,2,427.0,584.0,0.03169
74,3.7,3,194.0,564.0,0.026447
75,3.75,1,564.5,298.0,0.02088
75,3.75,2,440.5,601.0,0.047192
75,3.75,3,196.5,574.5,0.023464
76,3.8,1,558.0,293.5,0.017186
76,3.8,2,448.5,611.5,0.028696
76,3.8,3,199.0,583.5,0.020306
77,3.85,1,553.5,293.0,0.009843
77,3.85,2,452.5,622.0,0.024426
77,3.85,3,201.0,589.5,0.013749
78,3.9,1,547.5,291.0,0.013749
78,3.9,2,456.0,630.5,0.019983
78,3.9,3,205.0,596.0,0.016592
79,3.95,1,538.0,287.0,0.022408
79,3.95,2,460.5,644.0,0.030935
79,3.95,3,209.0,602.5,0.016592
80,4.0,1,530.0,282.0,0.020509
80,4.0,2,463.5,656.5,0.027946
80,4.0,3,211.5,610.0,0.017186
81,4.05,1,525.0,280.0,0.011707
81,4.05,2,463.0,670.0,0.029368
81,4.05,3,212.5,618.0,0.017527
82,4.1,1,520.5,276.5,0.012393
82,4.1,2,460.5,682.5,0.027712
82,4.1,3,214.0,624.5,0.014502
83,4.15,1,516.0,272.0,0.013835
83,4.15,2,457.5,693.5,0.024786
83,4.15,3,216.5,628.5,0.010254
84,4.2,1,510.0,267.5,0.016304
84,4.2,2,455.5,701.5,0.017927
84,4.2,3,217.0,630.5,0.004482
85,4.25,1,507.5,262.5,0.012153
85,4.25,2,452.5,714.0,0.027946
85,4.25,3,216.5,637.5,0.015256
86,4.3,1,506.0,260.0,0.006338
86,4.3,2,450.0,726.0,0.026647
86,4.3,3,216.0,649.0,0.025024
87,4.35,1,504.5,255.0,0.011348
87,4.35,2,445.0,734.5,0.021438
87,4.35,3,216.0,652.5,0.007609
88,4.4,1,502.5,242.5,0.02752
88,4.4,2,440.0,742.0,0.019595
88,4.4,3,214.5,653.5,0.003919
89,4.45,1,501.5,228.5,0.030512
89,4.45,2,437.0,746.5,0.011757
89,4.45,3,213.0,653.0,0.003437
90,4.5,1,501.0,222.5,0.013089
90,4.5,2,435.5,748.0,0.004612
90,4.5,3,214.5,654.5,0.004612
91,4.55,1,501.0,219.5,0.006522
91,4.55,2,438.0,747.0,0.005853
91,4.55,3,215.0,661.0,0.014172
92,4.6,1,501.0,215.0,0.009783
92,4.6,2,445.0,747.5,0.015256
92,4.6,3,214.0,660.0,0.003074
93,4.65,1,500.5,210.5,0.009843
93,4.65,2,455.5,749.0,0.023058
93,4.65,3,209.0,661.0,0.011085
94,4.7,1,499.5,209.5,0.003074
94,4.7,2,459.0,749.0,0.007609
94,4.7,3,204.5,661.5,0.009843
95,4.75,1,500.0,213.0,0.007686
95,4.75,2,468.0,745.0,0.021411
95,4.75,3,202.5,661.5,0.004348
96,4.8,1,498.0,216.0,0.007838
96,4.8,2,475.5,747.5,0.017186
96,4.8,3,203.0,660.5,0.002431
97,4.85,1,495.5,218.0,0.00696
97,4.85,2,481.0,748.5,0.012153
97,4.85,3,202.0,659.0,0.003919
98,4.9,1,492.5,220.0,0.007838
98,4.9,2,486.5,749.5,0.012153
98,4.9,3,201.5,657.5,0.003437
99,4.95,1,486.5,222.0,0.013749
99,4.95,2,492.5,751.0,0.013445
99,4.95,3,202.0,654.5,0.006612
100,5.0,1,483.5,224.0,0.007838
100,5.0,2,501.5,746.5,0.021875
100,5.0,3,203.5,653.0,0.004612
101,5.05,1,481.0,229.0,0.012153
101,5.05,2,506.0,743.0,0.012393
101,5.05,3,206.5,653.5,0.006612
102,5.1,1,479.0,233.0,0.009722
102,5.1,2,513.0,740.5,0.016159
102,5.1,3,207.5,652.5,0.003074
103,5.15,1,476.0,240.5,0.01756
103,5.15,2,517.0,737.5,0.01087
103,5.15,3,208.0,651.0,0.003437
104,5.2,1,474.0,244.5,0.009722
104,5.2,2,521.0,736.5,0.008963
104,5.2,3,205.5,644.5,0.01514
105,5.25,1,473.5,250.0,0.012006
105,5.25,2,524.5,737.5,0.007913
105,5.25,3,203.0,639.5,0.012153
106,5.3,1,471.0,253.5,0.00935
106,5.3,2,530.5,739.5,0.013749
106,5.3,3,202.0,632.0,0.016449
107,5.35,1,467.0,259.0,0.014784
107,5.35,2,546.0,749.5,0.0401
107,5.35,3,199.0,627.5,0.011757
108,5.4,1,464.0,264.5,0.01362
108,5.4,2,556.5,759.0,0.030782
108,5.4,3,201.5,626.0,0.006338
109,5.45,1,458.0,269.5,0.016979
109,5.45,2,564.0,768.0,0.025468
109,5.45,3,208.0,624.0,0.014784
110,5.5,1,455.0,276.0,0.015563
110,5.5,2,577.0,772.5,0.029906
110,5.5,3,210.5,622.0,0.00696
111,5.55,1,455.5,280.0,0.008763
111,5.55,2,584.5,775.5,0.01756
111,5.55,3,209.5,620.0,0.004861
112,5.6,1,453.5,286.5,0.014784
112,5.6,2,589.0,783.0,0.019014
112,5.6,3,208.0,614.5,0.012393
113,5.65,1,451.0,294.5,0.018221
113,5.65,2,595.5,796.5,0.032572
113,5.65,3,205.0,606.0,0.019595
114,5.7,1,450.0,300.5,0.013223
114,5.7,2,596.0,807.5,0.023938
114,5.7,3,203.0,600.0,0.013749
115,5.75,1,451.0,306.0,0.012153
115,5.75,2,599.5,820.0,0.028219
115,5.75,3,202.0,594.0,0.013223
116,5.8,1,452.0,310.0,0.008963
116,5.8,2,603.0,830.5,0.024061
116,5.8,3,202.0,584.0,0.021739
117,5.85,1,451.0,313.0,0.006875
117,5.85,2,605.0,843.5,0.028593
117,5.85,3,200.5,569.0,0.032771
118,5.9,1,450.0,314.0,0.003074
118,5.9,2,605.0,854.0,0.022826
118,5.9,3,198.5,551.5,0.038291
119,5.95,1,453.0,312.0,0.007838
119,5.95,2,605.0,863.0,0.019565
119,5.95,3,196.5,542.5,0.020042
120,6.0,1,453.5,309.5,0.005542
120,6.0,2,604.0,869.0,0.013223
120,6.0,3,198.5,534.5,0.017927
121,6.05,1,453.5,306.0,0.007609
121,6.05,2,601.0,879.0,0.022696
121,6.05,3,199.5,523.5,0.024012
122,6.1,1,453.5,304.0,0.004348
122,6.1,2,601.0,896.0,0.036957
122,6.1,3,200.5,515.0,0.018606
123,6.15,1,453.5,301.5,0.005435
123,6.15,2,595.5,907.0,0.026736
123,6.15,3,201.0,509.5,0.012006
124,6.2,1,454.0,296.5,0.010924
124,6.2,2,594.5,911.0,0.008963
124,6.2,3,203.5,500.0,0.021355
125,6.25,1,457.0,293.0,0.010021
125,6.25,2,596.0,917.0,0.013445
125,6.25,3,206.0,488.0,0.026647
126,6.3,1,461.0,291.5,0.009287
126,6.3,2,596.0,920.0,0.006522
126,6.3,3,210.0,475.5,0.028531
127,6.35,1,465.0,291.0,0.008763
127,6.35,2,598.5,921.5,0.006338
127,6.35,3,211.0,465.5,0.021848
128,6.4,1,468.5,291.5,0.007686
128,6.4,2,600.5,922.5,0.004861
128,6.4,3,210.5,456.5,0.019595
129,6.45,1,474.0,292.5,0.012153
129,6.45,2,602.0,922.5,0.003261
129,6.45,3,211.0,449.5,0.015256
130,6.5,1,478.0,292.5,0.008696
130,6.5,2,605.5,921.5,0.007913
130,6.5,3,210.0,445.0,0.010021
131,6.55,1,483.5,293.0,0.012006
131,6.55,2,608.0,923.0,0.006338
131,6.55,3,208.0,441.5,0.008763
132,6.6,1,491.0,296.5,0.017992
132,6.6,2,610.5,924.5,0.006338
132,6.6,3,206.0,435.0,0.014784
133,6.65,1,498.5,298.5,0.016874
133,6.65,2,612.0,926.0,0.004612
133,6.65,3,203.5,430.0,0.012153
134,6.7,1,506.0,301.5,0.01756
134,6.7,2,615.5,927.5,0.008278
134,6.7,3,203.5,430.5,0.001087
135,6.75,1,511.5,307.5,0.017694
135,6.75,2,617.5,927.5,0.004348
135,6.75,3,202.0,434.5,0.009287
136,6.8,1,518.5,310.5,0.016556
136,6.8,2,617.5,927.0,0.001087
136,6.8,3,203.0,437.5,0.006875
137,6.85,1,524.5,314.0,0.0151
137,6.85,2,613.0,925.5,0.010312
137,6.85,3,203.5,439.0,0.003437
138,6.9,1,534.0,316.0,0.021105
138,6.9,2,611.0,924.5,0.004861
138,6.9,3,203.0,439.5,0.001537
139,6.95,1,540.0,319.5,0.0151
139,6.95,2,606.5,924.5,0.009783
139,6.95,3,202.0,440.5,0.003074
140,7.0,1,544.5,321.5,0.010705
140,7.0,2,605.0,924.5,0.003261
140,7.0,3,201.5,441.0,0.001537
141,7.05,1,551.0,321.5,0.01413
141,7.05,2,603.0,925.0,0.004482
141,7.05,3,201.5,441.5,0.001087
142,7.1,1,559.0,322.5,0.017527
142,7.1,2,599.0,925.5,0.008763
142,7.1,3,201.5,442.0,0.001087
143,7.15,1,565.0,325.0,0.01413
143,7.15,2,596.0,926.0,0.006612
143,7.15,3,202.0,441.0,0.002431
144,7.2,1,569.5,332.0,0.018091
144,7.2,2,594.5,926.0,0.003261
144,7.2,3,202.0,438.0,0.006522
145,7.25,1,574.0,341.5,0.022852
145,7.25,2,593.5,925.5,0.002431
145,7.25,3,200.0,429.5,0.018983
146,7.3,1,577.0,347.0,0.01362
146,7.3,2,594.0,925.5,0.001087
146,7.3,3,199.0,419.0,0.022929
147,7.35,1,580.5,354.5,0.017992
147,7.35,2,594.0,924.5,0.002174
147,7.35,3,201.5,410.5,0.019261
148,7.4,1,587.0,362.5,0.022408
148,7.4,2,593.5,923.5,0.002431
148,7.4,3,201.5,404.5,0.013043
149,7.45,1,595.5,369.5,0.023938
149,7.45,2,592.5,923.0,0.002431
149,7.45,3,200.0,393.5,0.024134
150,7.5,1,602.0,379.5,0.025928
150,7.5,2,591.5,924.0,0.003074
150,7.5,3,200.5,386.0,0.016341
151,7.55,1,607.5,386.0,0.01851
151,7.55,2,590.0,923.5,0.003437
151,7.55,3,201.5,383.0,0.006875
152,7.6,1,612.5,392.0,0.016979
152,7.6,2,588.5,923.5,0.003261
152,7.6,3,205.5,374.0,0.021411
153,7.65,1,621.0,402.0,0.028531
153,7.65,2,588.5,922.5,0.002174
153,7.65,3,212.0,362.5,0.028717
154,7.7,1,625.5,410.0,0.019954
154,7.7,2,588.5,922.0,0.001087
154,7.7,3,218.0,353.0,0.024426
155,7.75,1,629.0,418.0,0.018983
155,7.75,2,589.0,922.5,0.001537
155,7.75,3,221.0,342.0,0.024786
156,7.8,1,633.0,423.5,0.014784
156,7.8,2,588.5,923.0,0.001537
156,7.8,3,225.0,331.0,0.025445
157,7.85,1,641.5,435.0,0.031088
157,7.85,2,588.0,923.0,0.001087
157,7.85,3,227.0,313.5,0.038291
158,7.9,1,645.0,443.5,0.019983
158,7.9,2,587.5,923.5,0.001537
158,7.9,3,228.5,306.0,0.016627
159,7.95,1,645.0,454.0,0.022826
159,7.95,2,587.5,925.0,0.003261
159,7.95,3,230.0,297.0,0.019835
160,8.0,1,647.5,463.0,0.020306
160,8.0,2,589.0,926.0,0.003919
160,8.0,3,236.0,285.0,0.029166
161,8.05,1,650.5,473.0,0.022696
161,8.05,2,590.0,927.0,0.003074
161,8.05,3,241.0,274.5,0.025282
162,8.1,1,652.5,478.0,0.011707
162,8.1,2,590.0,927.5,0.001087
162,8.1,3,243.5,262.0,0.027712
163,8.15,1,654.0,483.0,0.011348
163,8.15,2,588.5,927.5,0.003261
163,8.15,3,243.5,253.0,0.019565
164,8.2,1,657.0,499.5,0.036458
164,8.2,2,586.5,927.0,0.004482
164,8.2,3,246.5,246.5,0.015563
165,8.25,1,657.0,510.0,0.022826
165,8.25,2,584.5,926.0,0.004861
165,8.25,3,253.5,238.0,0.023938
166,8.3,1,656.5,520.5,0.022852
166,8.3,2,581.0,926.5,0.007686
166,8.3,3,265.5,226.0,0.036893
167,8.35,1,656.5,529.0,0.018478
167,8.35,2,576.0,927.5,0.011085
167,8.35,3,271.0,217.0,0.022929
168,8.4,1,655.5,537.5,0.018606
168,8.4,2,575.0,930.0,0.005853
168,8.4,3,275.5,214.5,0.011191
169,8.45,1,657.5,550.0,0.02752
169,8.45,2,571.0,932.0,0.009722
169,8.45,3,278.5,216.0,0.007292
170,8.5,1,656.5,556.0,0.013223
170,8.5,2,571.0,934.0,0.004348
170,8.5,3,279.0,221.5,0.012006
171,8.55,1,657.5,565.5,0.020766
171,8.55,2,570.5,935.5,0.003437
171,8.55,3,276.5,228.0,0.01514
172,8.6,1,657.5,581.5,0.034783
172,8.6,2,566.5,937.5,0.009722
172,8.6,3,275.0,232.0,0.009287
173,8.65,1,658.5,599.0,0.038106
173,8.65,2,563.5,939.0,0.007292
173,8.65,3,274.5,234.5,0.005542
174,8.7,1,659.5,608.5,0.020766
174,8.7,2,560.0,941.0,0.008763
174,8.7,3,274.5,237.0,0.005435
175,8.75,1,659.5,614.5,0.013043
175,8.75,2,559.5,942.5,0.003437
175,8.75,3,274.0,237.5,0.001537
176,8.8,1,663.0,617.5,0.010021
176,8.8,2,554.5,944.5,0.011707
176,8.8,3,274.0,238.5,0.002174
177,8.85,1,668.0,626.0,0.021438
177,8.85,2,550.0,945.0,0.009843
177,8.85,3,273.5,238.5,0.001087
178,8.9,1,674.0,632.0,0.018446
178,8.9,2,546.0,946.5,0.009287
178,8.9,3,274.0,238.0,0.001537
179,8.95,1,677.5,632.5,0.007686
179,8.95,2,544.0,946.5,0.004348
179,8.95,3,275.0,238.0,0.002174
180,9.0,1,680.5,631.0,0.007292
180,9.0,2,540.0,947.5,0.008963
180,9.0,3,275.0,237.5,0.001087
181,9.05,1,683.5,630.5,0.006612
181,9.05,2,538.5,947.0,0.003437
181,9.05,3,276.0,235.0,0.005853
182,9.1,1,687.5,629.5,0.008963
182,9.1,2,536.5,947.0,0.004348
182,9.1,3,275.0,232.5,0.005853
183,9.15,1,695.5,630.0,0.017425
183,9.15,2,532.5,947.0,0.008696
183,9.15,3,276.0,229.5,0.006875
184,9.2,1,707.0,631.0,0.025094
184,9.2,2,527.0,946.0,0.012153
184,9.2,3,275.5,225.0,0.009843
185,9.25,1,710.5,629.5,0.008278
185,9.25,2,526.5,947.0,0.002431
185,9.25,3,274.5,221.5,0.007913
186,9.3,1,715.0,629.5,0.009783
186,9.3,2,525.5,946.0,0.003074
186,9.3,3,273.0,221.0,0.003437
187,9.35,1,722.5,624.0,0.020219
187,9.35,2,523.0,946.5,0.005542
187,9.35,3,274.0,225.0,0.008963
188,9.4,1,726.0,621.5,0.00935
188,9.4,2,522.5,949.5,0.006612
188,9.4,3,276.0,229.0,0.009722
189,9.45,1,728.5,620.0,0.006338
189,9.45,2,520.5,949.5,0.004348
189,9.45,3,277.5,230.0,0.003919
190,9.5,1,732.5,617.0,0.01087
190,9.5,2,514.5,950.0,0.013089
190,9.5,3,276.5,232.5,0.005853
191,9.55,1,737.0,611.5,0.015449
191,9.55,2,512.0,950.5,0.005542
191,9.55,3,275.5,230.0,0.005853
192,9.6,1,742.0,607.5,0.01392
192,9.6,2,510.0,951.0,0.004482
192,9.6,3,273.0,229.5,0.005542
193,9.65,1,745.0,606.0,0.007292
193,9.65,2,511.0,950.5,0.002431
193,9.65,3,272.5,228.0,0.003437
194,9.7,1,750.5,599.5,0.01851
194,9.7,2,512.5,950.5,0.003261
194,9.7,3,269.5,231.0,0.009223
195,9.75,1,759.5,594.0,0.022929
195,9.75,2,515.5,950.0,0.006612
195,9.75,3,269.5,236.0,0.01087
196,9.8,1,765.5,591.5,0.01413
196,9.8,2,517.5,950.5,0.004482
196,9.8,3,268.5,239.0,0.006875
197,9.85,1,770.0,593.0,0.010312
197,9.85,2,521.0,950.5,0.007609
197,9.85,3,262.5,240.5,0.013445
198,9.9,1,769.5,594.5,0.003437
198,9.9,2,524.0,950.0,0.006612
198,9.9,3,256.0,239.0,0.014502
199,9.95,1,772.0,597.0,0.007686
199,9.95,2,529.0,950.0,0.01087
199,9.95,3,252.5,238.5,0.007686
200,10.0,1,778.5,603.0,0.01923
200,10.0,2,532.0,948.5,0.007292
200,10.0,3,246.5,241.0,0.01413
201,10.05,1,786.0,607.5,0.019014
201,10.05,2,533.5,947.5,0.003919
201,10.05,3,240.5,237.5,0.0151
202,10.1,1,788.0,610.0,0.00696
202,10.1,2,533.5,946.0,0.003261
202,10.1,3,236.0,235.5,0.010705
203,10.15,1,789.0,616.5,0.014297
203,10.15,2,532.5,943.0,0.006875
203,10.15,3,232.0,232.5,0.01087
204,10.2,1,791.5,625.0,0.019261
204,10.2,2,532.0,942.0,0.002431
204,10.2,3,228.5,228.5,0.011555
205,10.25,1,794.0,632.0,0.016159
205,10.25,2,533.0,940.5,0.003919
205,10.25,3,226.5,225.0,0.008763
206,10.3,1,797.0,640.5,0.019595
206,10.3,2,535.5,940.0,0.005542
206,10.3,3,223.5,223.5,0.007292
207,10.35,1,798.0,647.5,0.015372
207,10.35,2,541.5,939.0,0.013223
207,10.35,3,224.0,222.0,0.003437
208,10.4,1,801.0,660.0,0.027946
208,10.4,2,542.5,939.0,0.002174
208,10.4,3,223.5,220.0,0.004482
209,10.45,1,803.0,669.5,0.021105
209,10.45,2,542.0,939.5,0.001537
209,10.45,3,223.0,213.0,0.015256
210,10.5,1,804.5,677.5,0.017694
210,10.5,2,542.5,938.0,0.003437
210,10.5,3,223.5,204.0,0.019595
211,10.55,1,803.0,686.0,0.018764
211,10.55,2,544.0,938.0,0.003261
211,10.55,3,226.0,197.0,0.016159
212,10.6,1,802.5,696.5,0.022852
212,10.6,2,546.0,937.5,0.004482
212,10.6,3,229.5,191.5,0.014172
213,10.65,1,802.5,708.0,0.025
213,10.65,2,550.0,935.0,0.010254
213,10.65,3,231.0,191.5,0.003261
214,10.7,1,797.0,717.0,0.022929
214,10.7,2,552.0,933.5,0.005435
214,10.7,3,231.0,195.0,0.007609
215,10.75,1,795.0,733.0,0.035053
215,10.75,2,552.5,930.5,0.006612
215,10.75,3,230.5,202.5,0.016341
216,10.8,1,792.5,744.0,0.024523
216,10.8,2,554.0,929.5,0.003919
216,10.8,3,232.0,205.5,0.007292
217,10.85,1,787.5,756.0,0.028261
217,10.85,2,554.5,930.5,0.002431
217,10.85,3,232.0,209.0,0.007609
218,10.9,1,782.0,763.5,0.020219
218,10.9,2,557.0,931.0,0.005542
218,10.9,3,233.5,211.0,0.005435
219,10.95,1,775.5,773.0,0.025024
219,10.95,2,557.5,932.0,0.002431
219,10.95,3,234.0,213.5,0.005542
220,11.0,1,772.5,779.5,0.015563
220,11.0,2,556.5,932.0,0.002174
220,11.0,3,235.5,216.5,0.007292
221,11.05,1,771.0,782.5,0.007292
221,11.05,2,556.0,931.0,0.002431
221,11.05,3,236.0,219.5,0.006612
222,11.1,1,770.0,785.0,0.005853
222,11.1,2,559.0,930.5,0.006612
222,11.1,3,234.5,219.0,0.003437
223,11.15,1,769.0,790.5,0.012153
223,11.15,2,561.5,930.0,0.005542
223,11.15,3,233.5,219.5,0.002431
224,11.2,1,766.5,798.5,0.018221
224,11.2,2,562.0,930.5,0.001537
224,11.2,3,232.0,225.0,0.012393
225,11.25,1,765.0,806.0,0.016627
225,11.25,2,563.0,929.0,0.003919
225,11.25,3,229.0,228.5,0.010021
226,11.3,1,761.5,811.5,0.014172
226,11.3,2,564.5,928.5,0.003437
226,11.3,3,225.5,230.5,0.008763
227,11.35,1,755.5,812.0,0.013089
227,11.35,2,566.5,928.5,0.004348
227,11.35,3,223.0,231.5,0.005853
228,11.4,1,750.0,817.0,0.016159
228,11.4,2,568.5,930.5,0.006149
228,11.4,3,222.5,233.5,0.004482
229,11.45,1,745.5,821.0,0.013089
229,11.45,2,569.5,933.0,0.005853
229,11.45,3,220.5,241.5,0.017927
230,11.5,1,740.0,825.5,0.015449
230,11.5,2,570.5,935.5,0.005853
230,11.5,3,219.5,250.0,0.018606
231,11.55,1,730.0,833.0,0.027174
231,11.55,2,570.5,937.5,0.004348
231,11.55,3,219.0,256.5,0.014172
232,11.6,1,718.0,843.5,0.034664
232,11.6,2,574.5,940.0,0.010254
232,11.6,3,217.0,263.0,0.014784
233,11.65,1,713.0,851.5,0.020509
233,11.65,2,575.0,942.5,0.005542
233,11.65,3,215.0,265.5,0.00696
234,11.7,1,706.5,855.0,0.016049
234,11.7,2,573.5,944.5,0.005435
234,11.7,3,213.0,270.0,0.010705
235,11.75,1,702.0,859.0,0.013089
235,11.75,2,571.0,946.0,0.006338
235,11.75,3,210.0,271.0,0.006875
236,11.8,1,695.5,865.0,0.01923
236,11.8,2,566.5,946.0,0.009783
236,11.8,3,206.0,277.5,0.016592
237,11.85,1,690.5,866.5,0.011348
237,11.85,2,564.5,946.0,0.004348
237,11.85,3,202.5,289.0,0.026132
238,11.9,1,685.0,869.5,0.01362
238,11.9,2,565.5,947.5,0.003919
238,11.9,3,200.0,300.5,0.025584
239,11.95,1,680.0,873.5,0.01392
239,11.95,2,564.5,949.0,0.003919
239,11.95,3,199.5,314.0,0.029368
240,12.0,1,675.5,877.0,0.012393
240,12.0,2,562.0,952.5,0.00935
240,12.0,3,196.0,321.0,0.017014
241,12.05,1,672.5,879.5,0.008489
241,12.05,2,556.0,954.5,0.013749
241,12.05,3,194.0,329.0,0.017927
242,12.1,1,667.5,878.5,0.011085
242,12.1,2,553.0,955.0,0.006612
242,12.1,3,193.5,333.5,0.009843
243,12.15,1,661.0,881.0,0.01514
243,12.15,2,554.5,955.5,0.003437
243,12.15,3,192.0,347.5,0.030609
244,12.2,1,656.0,886.0,0.015372
244,12.2,2,551.5,956.5,0.006875
244,12.2,3,188.0,361.0,0.030609
245,12.25,1,650.5,886.5,0.012006
245,12.25,2,553.0,957.0,0.003437
245,12.25,3,188.5,375.5,0.03154
246,12.3,1,647.0,886.5,0.007609
246,12.3,2,553.5,958.5,0.003437
246,12.3,3,185.5,388.5,0.029004
247,12.35,1,644.5,888.5,0.00696
247,12.35,2,554.0,957.5,0.002431
247,12.35,3,185.5,396.0,0.016304
248,12.4,1,640.0,889.5,0.010021
248,12.4,2,555.0,958.0,0.002431
248,12.4,3,184.5,402.5,0.014297
249,12.45,1,633.5,889.0,0.014172
249,12.45,2,556.5,956.5,0.004612
249,12.45,3,186.0,409.0,0.014502
250,12.5,1,629.5,888.5,0.008763
250,12.5,2,557.5,956.5,0.002174
250,12.5,3,186.5,419.0,0.021766
251,12.55,1,626.5,885.0,0.010021
251,12.55,2,558.0,958.0,0.003437
251,12.55,3,188.5,433.0,0.030744
252,12.6,1,622.5,882.0,0.01087
252,12.6,2,560.0,958.5,0.004482
252,12.6,3,194.5,446.0,0.031126
253,12.65,1,621.5,878.0,0.008963
253,12.65,2,565.0,960.0,0.011348
253,12.65,3,197.0,458.5,0.027712
254,12.7,1,619.5,875.0,0.007838
254,12.7,2,567.5,960.0,0.005435
254,12.7,3,194.5,473.5,0.033058
255,12.75,1,613.5,871.5,0.0151
255,12.75,2,571.0,963.0,0.010021
255,12.75,3,195.5,487.0,0.029428
256,12.8,1,605.5,867.0,0.019954
256,12.8,2,575.5,963.5,0.009843
256,12.8,3,192.5,499.0,0.02689
257,12.85,1,601.0,864.5,0.011191
257,12.85,2,579.5,962.0,0.009287
257,12.85,3,192.5,510.5,0.025
258,12.9,1,599.5,859.0,0.012393
258,12.9,2,580.0,959.5,0.005542
258,12.9,3,192.5,522.0,0.025
259,12.95,1,596.0,854.5,0.012393
259,12.95,2,581.0,958.5,0.003074
259,12.95,3,189.5,532.0,0.022696
260,13.0,1,595.0,853.0,0.003919
260,13.0,2,581.5,958.0,0.001537
260,13.0,3,185.5,544.0,0.027498
261,13.05,1,592.5,855.5,0.007686
261,13.05,2,581.5,958.5,0.001087
261,13.05,3,185.0,552.5,0.01851
262,13.1,1,590.0,859.5,0.010254
262,13.1,2,584.5,961.0,0.008489
262,13.1,3,183.5,568.5,0.034935
263,13.15,1,589.0,861.5,0.004861
263,13.15,2,587.0,962.0,0.005853
263,13.15,3,185.5,581.5,0.028593
264,13.2,1,587.5,862.0,0.003437
264,13.2,2,587.5,959.5,0.005542
264,13.2,3,187.0,593.0,0.025212
265,13.25,1,586.0,863.5,0.004612
265,13.25,2,585.0,960.0,0.005542
265,13.25,3,191.0,600.0,0.017527
266,13.3,1,583.5,861.5,0.00696
266,13.3,2,584.5,959.0,0.002431
266,13.3,3,195.5,604.0,0.013089
267,13.35,1,582.0,859.5,0.005435
267,13.35,2,580.5,958.5,0.008763
267,13.35,3,199.5,611.0,0.017527
268,13.4,1,579.0,862.0,0.008489
268,13.4,2,580.5,957.0,0.003261
268,13.4,3,203.0,619.5,0.019983
269,13.45,1,575.0,861.0,0.008963
269,13.45,2,582.5,956.5,0.004482
269,13.45,3,209.5,626.0,0.019983
270,13.5,1,571.5,861.0,0.007609
270,13.5,2,584.0,956.0,0.003437
270,13.5,3,215.5,629.5,0.0151
271,13.55,1,570.0,861.0,0.003261
271,13.55,2,586.0,955.5,0.004482
271,13.55,3,221.0,640.5,0.026736
272,13.6,1,567.0,861.5,0.006612
272,13.6,2,589.0,954.0,0.007292
272,13.6,3,227.5,648.5,0.022408
273,13.65,1,564.5,860.5,0.005853
273,13.65,2,590.5,953.0,0.003919
273,13.65,3,233.0,653.5,0.016159
274,13.7,1,561.0,860.0,0.007686
274,13.7,2,592.5,952.0,0.004861
274,13.7,3,242.5,664.0,0.030782
275,13.75,1,557.5,860.5,0.007686
275,13.75,2,596.0,949.5,0.00935
275,13.75,3,249.0,674.5,0.026846
276,13.8,1,552.5,861.5,0.011085
276,13.8,2,599.5,946.5,0.010021
276,13.8,3,254.0,681.5,0.018701
277,13.85,1,547.5,863.0,0.011348
277,13.85,2,604.0,944.5,0.010705
277,13.85,3,262.0,696.5,0.036957
278,13.9,1,545.5,865.5,0.00696
278,13.9,2,612.5,939.0,0.022009
278,13.9,3,268.0,706.5,0.025352
279,13.95,1,546.5,867.5,0.004861
279,13.95,2,620.5,934.0,0.020509
279,13.95,3,273.5,717.5,0.026736
280,14.0,1,546.5,869.5,0.004348
280,14.0,2,620.5,931.5,0.005435
280,14.0,3,277.0,721.5,0.011555
281,14.05,1,545.0,872.0,0.006338
281,14.05,2,620.0,931.0,0.001537
281,14.05,3,277.5,730.5,0.019595
282,14.1,1,545.5,873.0,0.002431
282,14.1,2,620.5,929.5,0.003437
282,14.1,3,278.0,745.0,0.03154
283,14.15,1,546.0,872.5,0.001537
283,14.15,2,623.5,929.5,0.006522
283,14.15,3,277.5,757.5,0.027196
284,14.2,1,546.0,882.0,0.020652
284,14.2,2,627.5,928.0,0.009287
284,14.2,3,282.0,767.5,0.023839
285,14.25,1,544.5,888.5,0.014502
285,14.25,2,630.0,926.5,0.006338
285,14.25,3,287.0,776.0,0.021438
286,14.3,1,543.5,892.5,0.008963
286,14.3,2,633.5,924.0,0.00935
286,14.3,3,293.5,782.5,0.019983
287,14.35,1,543.5,896.5,0.008696
287,14.35,2,637.0,926.0,0.008763
287,14.35,3,297.0,799.5,0.037732
288,14.4,1,543.5,903.0,0.01413
288,14.4,2,637.5,928.5,0.005542
288,14.4,3,299.5,811.0,0.025584
289,14.45,1,543.0,902.0,0.002431
289,14.45,2,637.5,929.0,0.001087
289,14.45,3,303.5,820.0,0.021411
290,14.5,1,544.0,903.5,0.003919
290,14.5,2,639.0,932.0,0.007292
290,14.5,3,307.5,827.0,0.017527
291,14.55,1,548.0,902.5,0.008963
291,14.55,2,642.0,933.0,0.006875
291,14.55,3,314.5,832.0,0.018701
292,14.6,1,553.5,903.5,0.012153
292,14.6,2,647.0,932.5,0.010924
292,14.6,3,320.5,834.5,0.01413
293,14.65,1,554.5,905.0,0.003919
293,14.65,2,651.0,934.5,0.009722
293,14.65,3,325.0,840.0,0.015449
294,14.7,1,557.0,903.0,0.00696
294,14.7,2,655.0,940.0,0.014784
294,14.7,3,329.5,846.0,0.016304
295,14.75,1,558.5,903.0,0.003261
295,14.75,2,663.0,939.0,0.017527
295,14.75,3,338.5,849.0,0.020624
296,14.8,1,559.0,903.5,0.001537
296,14.8,2,665.0,939.5,0.004482
296,14.8,3,347.0,851.0,0.018983
297,14.85,1,559.5,900.5,0.006612
297,14.85,2,666.0,940.5,0.003074
297,14.85,3,352.5,854.5,0.014172
298,14.9,1,560.0,901.5,0.002431
298,14.9,2,663.5,939.5,0.005853
298,14.9,3,361.0,856.0,0.018764
299,14.95,1,560.5,901.0,0.001537
299,14.95,2,659.0,938.5,0.010021
299,14.95,3,368.0,861.5,0.019353
300,15.0,1,561.0,903.0,0.004482
300,15.0,2,656.5,937.0,0.006338
300,15.0,3,373.5,870.5,0.022929
301,15.05,1,563.0,903.0,0.004348
301,15.05,2,656.5,938.5,0.003261
301,15.05,3,377.5,877.0,0.016592
302,15.1,1,562.0,906.0,0.006875
302,15.1,2,661.5,938.5,0.01087
302,15.1,3,382.5,882.5,0.016159
303,15.15,1,562.5,906.5,0.001537
303,15.15,2,665.0,938.0,0.007686
303,15.15,3,387.0,890.0,0.019014
304,15.2,1,562.5,908.0,0.003261
304,15.2,2,668.0,938.5,0.006612
304,15.2,3,390.0,897.0,0.016556
305,15.25,1,562.5,909.0,0.002174
305,15.25,2,669.0,937.0,0.003919
305,15.25,3,390.5,903.5,0.014172
306,15.3,1,561.5,907.0,0.004861
306,15.3,2,664.5,935.5,0.010312
306,15.3,3,392.0,908.5,0.011348
307,15.35,1,559.5,905.5,0.005435
307,15.35,2,660.0,936.0,0.009843
307,15.35,3,392.0,913.5,0.01087
308,15.4,1,557.5,903.5,0.006149
308,15.4,2,660.0,936.0,0.0
308,15.4,3,391.5,917.5,0.008763
309,15.45,1,557.0,903.0,0.001537
309,15.45,2,662.0,937.0,0.004861
309,15.45,3,389.0,919.5,0.00696
310,15.5,1,557.0,902.0,0.002174
310,15.5,2,663.5,937.0,0.003261
310,15.5,3,386.5,918.0,0.006338
311,15.55,1,557.0,901.5,0.001087
311,15.55,2,665.0,938.5,0.004612
311,15.55,3,383.0,914.5,0.01076
312,15.6,1,555.5,902.0,0.003437
312,15.6,2,665.0,938.5,0.0
312,15.6,3,380.0,911.5,0.009223
313,15.65,1,554.5,901.0,0.003074
313,15.65,2,664.5,938.5,0.001087
313,15.65,3,376.0,908.5,0.01087
314,15.7,1,554.5,902.0,0.002174
314,15.7,2,666.5,938.5,0.004348
314,15.7,3,372.5,905.5,0.010021
315,15.75,1,554.0,901.5,0.001537
315,15.75,2,666.5,938.5,0.0
315,15.75,3,372.0,903.5,0.004482
316,15.8,1,554.0,901.5,0.0
316,15.8,2,667.0,938.0,0.001537
316,15.8,3,369.5,902.5,0.005853
317,15.85,1,554.0,901.0,0.001087
317,15.85,2,668.0,938.5,0.002431
317,15.85,3,368.0,901.0,0.004612
318,15.9,1,552.5,902.0,0.003919
318,15.9,2,668.5,936.5,0.004482
318,15.9,3,366.0,900.5,0.004482
319,15.95,1,550.0,901.0,0.005853
319,15.95,2,666.5,932.5,0.009722
319,15.95,3,367.0,900.5,0.002174
320,16.0,1,545.5,903.0,0.010705
320,16.0,2,664.5,920.5,0.026447
320,16.0,3,363.0,901.5,0.008963
321,16.05,1,544.5,904.5,0.003919
321,16.05,2,664.0,913.0,0.016341
321,16.05,3,360.0,901.5,0.006522
322,16.1,1,543.0,904.5,0.003261
322,16.1,2,665.0,909.0,0.008963
322,16.1,3,356.0,898.0,0.011555
323,16.15,1,541.5,906.5,0.005435
323,16.15,2,665.5,904.5,0.009843
323,16.15,3,354.0,896.5,0.005435
324,16.2,1,540.5,911.0,0.010021
324,16.2,2,667.0,900.0,0.010312
324,16.2,3,352.5,898.5,0.005435
325,16.25,1,538.5,913.5,0.00696
325,16.25,2,670.0,893.0,0.016556
325,16.25,3,345.5,899.5,0.015372
326,16.3,1,537.0,916.5,0.007292
326,16.3,2,674.0,891.0,0.009722
326,16.3,3,339.0,900.0,0.014172
327,16.35,1,536.5,918.5,0.004482
327,16.35,2,676.0,890.5,0.004482
327,16.35,3,333.5,899.0,0.012153
328,16.4,1,535.5,920.5,0.004861
328,16.4,2,678.5,886.5,0.010254
328,16.4,3,331.0,899.0,0.005435
329,16.45,1,534.0,922.0,0.004612
329,16.45,2,680.5,885.5,0.004861
329,16.45,3,328.5,899.5,0.005542
330,16.5,1,531.5,923.5,0.006338
330,16.5,2,683.5,882.5,0.009223
330,16.5,3,328.0,900.5,0.002431
331,16.55,1,529.0,926.5,0.008489
331,16.55,2,690.0,881.0,0.014502
331,16.55,3,327.0,900.5,0.002174
332,16.6,1,526.0,928.0,0.007292
332,16.6,2,697.0,881.5,0.015256
332,16.6,3,325.5,897.5,0.007292
333,16.65,1,523.0,926.5,0.007292
333,16.65,2,703.0,879.5,0.013749
333,16.65,3,324.5,890.5,0.015372
334,16.7,1,517.5,926.5,0.011957
334,16.7,2,705.5,879.5,0.005435
334,16.7,3,323.0,886.5,0.009287
335,16.75,1,513.5,927.5,0.008963
335,16.75,2,708.5,880.0,0.006612
335,16.75,3,322.5,883.5,0.006612
336,16.8,1,507.5,929.5,0.013749
336,16.8,2,710.0,879.5,0.003437
336,16.8,3,320.5,880.5,0.007838
337,16.85,1,504.5,929.5,0.006522
337,16.85,2,713.0,880.5,0.006875
337,16.85,3,319.0,879.0,0.004612
338,16.9,1,503.0,928.5,0.003919
338,16.9,2,713.5,882.5,0.004482
338,16.9,3,314.5,876.0,0.011757
339,16.95,1,501.5,926.0,0.006338
339,16.95,2,714.5,885.0,0.005853
339,16.95,3,312.5,872.0,0.009722
340,17.0,1,499.0,924.5,0.006338
340,17.0,2,716.0,881.0,0.009287
340,17.0,3,312.0,869.5,0.005542
341,17.05,1,496.5,924.0,0.005542
341,17.05,2,717.0,877.0,0.008963
341,17.05,3,317.5,869.0,0.012006
342,17.1,1,492.0,923.0,0.010021
342,17.1,2,717.5,874.5,0.005542
342,17.1,3,317.5,868.0,0.002174
343,17.15,1,489.0,923.5,0.006612
343,17.15,2,719.0,873.5,0.003919
343,17.15,3,317.0,869.0,0.002431
344,17.2,1,484.5,924.0,0.009843
344,17.2,2,721.0,871.0,0.00696
344,17.2,3,318.5,869.5,0.003437
345,17.25,1,480.0,919.0,0.014624
345,17.25,2,724.5,869.0,0.008763
345,17.25,3,320.0,869.5,0.003261
346,17.3,1,474.5,913.5,0.016909
346,17.3,2,726.0,868.0,0.003919
346,17.3,3,322.5,869.5,0.005435
347,17.35,1,471.0,912.0,0.008278
347,17.35,2,725.5,869.0,0.002431
347,17.35,3,326.5,869.0,0.008763
348,17.4,1,468.5,909.0,0.008489
348,17.4,2,728.0,870.0,0.005853
348,17.4,3,330.0,869.0,0.007609
349,17.45,1,465.0,907.5,0.008278
349,17.45,2,730.5,872.0,0.00696
349,17.45,3,331.5,867.5,0.004612
350,17.5,1,459.0,906.5,0.013223
350,17.5,2,732.5,873.5,0.005435
350,17.5,3,332.5,866.5,0.003074
351,17.55,1,453.0,904.5,0.013749
351,17.55,2,733.0,869.5,0.008763
351,17.55,3,332.0,866.5,0.001087
352,17.6,1,450.0,907.0,0.008489
352,17.6,2,733.5,869.5,0.001087
352,17.6,3,330.0,868.5,0.006149
353,17.65,1,447.5,909.5,0.007686
353,17.65,2,733.5,869.0,0.001087
353,17.65,3,327.0,873.0,0.011757
354,17.7,1,445.0,912.5,0.008489
354,17.7,2,734.0,866.0,0.006612
354,17.7,3,326.0,875.0,0.004861
355,17.75,1,442.0,919.0,0.015563
355,17.75,2,735.0,863.5,0.005853
355,17.75,3,330.5,881.0,0.016304
356,17.8,1,439.5,921.5,0.007686
356,17.8,2,739.5,860.5,0.011757
356,17.8,3,331.5,886.5,0.012153
357,17.85,1,437.5,919.5,0.006149
357,17.85,2,743.0,859.0,0.008278
357,17.85,3,332.5,888.0,0.003919
358,17.9,1,434.0,916.5,0.010021
358,17.9,2,743.0,858.0,0.002174
358,17.9,3,334.5,887.0,0.004861
359,17.95,1,435.5,917.0,0.003437
359,17.95,2,744.0,856.5,0.003919
359,17.95,3,336.0,891.0,0.009287
360,18.0,1,440.0,913.5,0.012393
360,18.0,2,744.0,856.0,0.001087
360,18.0,3,337.5,898.0,0.015563
361,18.05,1,443.0,913.5,0.006522
361,18.05,2,746.5,855.0,0.005853
361,18.05,3,338.5,903.0,0.011085
362,18.1,1,445.5,912.5,0.005853
362,18.1,2,749.0,853.5,0.006338
362,18.1,3,341.0,905.5,0.007686
363,18.15,1,448.5,912.0,0.006612
363,18.15,2,750.5,853.0,0.003437
363,18.15,3,347.5,907.0,0.014502
364,18.2,1,451.0,909.5,0.007686
364,18.2,2,753.0,852.5,0.005542
364,18.2,3,353.0,912.5,0.016909
365,18.25,1,453.0,907.5,0.006149
365,18.25,2,754.0,853.0,0.002431
365,18.25,3,355.0,918.5,0.013749
366,18.3,1,456.0,905.5,0.007838
366,18.3,2,753.5,850.5,0.005542
366,18.3,3,359.0,920.5,0.009722
367,18.35,1,458.5,902.5,0.008489
367,18.35,2,754.0,850.0,0.001537
367,18.35,3,362.0,922.5,0.007838
368,18.4,1,458.0,899.0,0.007686
368,18.4,2,755.0,848.5,0.003919
368,18.4,3,363.0,923.5,0.003074
369,18.45,1,460.0,897.5,0.005435
369,18.45,2,755.5,849.0,0.001537
369,18.45,3,368.5,924.5,0.012153
370,18.5,1,463.5,897.0,0.007686
370,18.5,2,755.5,847.0,0.004348
370,18.5,3,374.5,926.0,0.013445
371,18.55,1,466.0,896.0,0.005853
371,18.55,2,756.0,846.5,0.001537
371,18.55,3,379.5,928.0,0.011707
372,18.6,1,466.5,896.0,0.001087
372,18.6,2,757.5,847.0,0.003437
372,18.6,3,382.0,933.0,0.012153
373,18.65,1,467.5,893.5,0.005853
373,18.65,2,758.0,847.0,0.001087
373,18.65,3,386.0,934.0,0.008963
374,18.7,1,466.0,894.0,0.003437
374,18.7,2,758.0,847.0,0.0
374,18.7,3,392.0,936.0,0.013749
375,18.75,1,466.0,889.5,0.009783
375,18.75,2,758.0,847.5,0.001087
375,18.75,3,399.0,932.5,0.017014
376,18.8,1,461.0,882.5,0.018701
376,18.8,2,759.0,847.5,0.002174
376,18.8,3,406.0,935.5,0.016556
377,18.85,1,462.5,879.0,0.008278
377,18.85,2,759.5,846.5,0.002431
377,18.85,3,407.0,945.0,0.020766
378,18.9,1,468.0,877.0,0.012722
378,18.9,2,760.0,846.0,0.001537
378,18.9,3,407.0,943.5,0.003261
379,18.95,1,470.5,875.5,0.006338
379,18.95,2,760.0,846.0,0.0
379,18.95,3,405.0,940.5,0.007838
380,19.0,1,471.5,873.5,0.004861
380,19.0,2,761.0,847.0,0.003074
380,19.0,3,403.0,938.5,0.006149
381,19.05,1,468.0,874.0,0.007686
381,19.05,2,761.0,846.5,0.001087
381,19.05,3,401.0,936.5,0.006149
382,19.1,1,465.0,871.0,0.009223
382,19.1,2,761.5,846.0,0.001537
382,19.1,3,394.5,934.0,0.01514
383,19.15,1,463.0,866.0,0.011707
383,19.15,2,761.5,846.0,0.0
383,19.15,3,391.5,934.5,0.006612
384,19.2,1,461.0,860.5,0.012722
384,19.2,2,761.0,844.0,0.004482
384,19.2,3,390.0,933.5,0.003919
385,19.25,1,458.5,858.0,0.007686
385,19.25,2,760.0,843.0,0.003074
385,19.25,3,383.0,931.0,0.016159
386,19.3,1,458.0,857.0,0.002431
386,19.3,2,760.0,843.0,0.0
386,19.3,3,376.5,929.0,0.014784
387,19.35,1,457.0,855.0,0.004861
387,19.35,2,759.5,844.0,0.002431
387,19.35,3,373.0,928.0,0.007913
388,19.4,1,455.5,854.0,0.003919
388,19.4,2,758.5,844.0,0.002174
388,19.4,3,368.5,925.5,0.011191
389,19.45,1,454.0,854.5,0.003437
389,19.45,2,758.5,844.0,0.0
389,19.45,3,364.5,923.5,0.009722
390,19.5,1,453.5,854.5,0.001087
390,19.5,2,758.0,845.0,0.002431
390,19.5,3,363.0,918.5,0.011348
391,19.55,1,454.0,854.5,0.001087
391,19.55,2,756.5,846.0,0.003919
391,19.55,3,361.0,915.0,0.008763
392,19.6,1,453.5,855.0,0.001537
392,19.6,2,757.5,846.5,0.002431
392,19.6,3,360.5,914.5,0.001537
393,19.65,1,452.5,854.5,0.002431
393,19.65,2,757.5,847.5,0.002174
393,19.65,3,359.5,913.5,0.003074
394,19.7,1,450.0,854.0,0.005542
394,19.7,2,755.5,848.5,0.004861
394,19.7,3,357.5,909.0,0.010705
395,19.75,1,447.0,853.0,0.006875
395,19.75,2,755.0,849.0,0.001537
395,19.75,3,354.5,907.0,0.007838
396,19.8,1,445.0,853.5,0.004482
396,19.8,2,754.5,849.0,0.001087
396,19.8,3,346.0,904.5,0.019261
397,19.85,1,443.0,853.5,0.004348
397,19.85,2,755.5,850.0,0.003074
397,19.85,3,342.5,904.0,0.007686
398,19.9,1,440.0,853.0,0.006612
398,19.9,2,755.5,851.0,0.002174
398,19.9,3,341.5,903.0,0.003074
399,19.95,1,438.0,852.5,0.004482
399,19.95,2,755.5,852.0,0.002174
399,19.95,3,338.5,904.0,0.006875
400,20.0,1,437.0,852.0,0.002431
400,20.0,2,754.5,852.0,0.002174
400,20.0,3,336.5,903.0,0.004861
401,20.05,1,435.5,850.0,0.005435
401,20.05,2,754.0,853.0,0.002431
401,20.05,3,334.5,902.5,0.004482
402,20.1,1,435.0,850.0,0.001087
402,20.1,2,753.5,854.0,0.002431
402,20.1,3,333.5,901.5,0.003074
403,20.15,1,434.0,848.5,0.003919
403,20.15,2,753.5,854.0,0.0
403,20.15,3,333.0,900.5,0.002431
404,20.2,1,433.0,848.0,0.002431
404,20.2,2,754.5,855.5,0.003919
404,20.2,3,330.0,904.0,0.010021
405,20.25,1,430.5,844.0,0.010254
405,20.25,2,755.0,856.0,0.001537
405,20.25,3,329.5,907.5,0.007686
406,20.3,1,427.5,841.5,0.008489
406,20.3,2,755.5,856.0,0.001087
406,20.3,3,328.5,912.5,0.011085
407,20.35,1,425.5,839.5,0.006149
407,20.35,2,756.0,857.5,0.003437
407,20.35,3,328.5,914.5,0.004348
408,20.4,1,421.5,836.0,0.011555
408,20.4,2,755.0,856.5,0.003074
408,20.4,3,326.5,915.0,0.004482
409,20.45,1,413.0,833.5,0.019261
409,20.45,2,754.5,856.5,0.001087
409,20.45,3,324.0,916.0,0.005853
410,20.5,1,409.0,832.0,0.009287
410,20.5,2,755.5,855.5,0.003074
410,20.5,3,323.5,917.5,0.003437
411,20.55,1,407.5,831.0,0.003919
411,20.55,2,756.5,855.5,0.002174
411,20.55,3,323.5,918.0,0.001087
412,20.6,1,406.0,829.5,0.004612
412,20.6,2,757.0,852.0,0.007686
412,20.6,3,323.5,918.0,0.0
413,20.65,1,403.0,830.0,0.006612
413,20.65,2,758.0,848.5,0.007913
413,20.65,3,322.5,919.5,0.003919
414,20.7,1,402.0,827.5,0.005853
414,20.7,2,758.5,848.5,0.001087
414,20.7,3,324.0,918.5,0.003919
415,20.75,1,401.0,825.0,0.005853
415,20.75,2,760.0,849.5,0.003919
415,20.75,3,328.0,917.0,0.009287
416,20.8,1,401.0,824.5,0.001087
416,20.8,2,761.5,850.5,0.003919
416,20.8,3,331.0,915.5,0.007292
417,20.85,1,400.0,823.0,0.003919
417,20.85,2,762.0,848.5,0.004482
417,20.85,3,332.5,916.0,0.003437
418,20.9,1,395.5,826.0,0.011757
418,20.9,2,762.5,847.0,0.003437
418,20.9,3,333.0,917.5,0.003437
419,20.95,1,392.5,826.0,0.006522
419,20.95,2,762.0,847.5,0.001537
419,20.95,3,334.5,915.5,0.005435
420,21.0,1,389.5,824.5,0.007292
420,21.0,2,762.5,847.0,0.001537
420,21.0,3,333.0,918.5,0.007292
421,21.05,1,388.0,823.5,0.003919
421,21.05,2,763.5,847.0,0.002174
421,21.05,3,331.0,917.5,0.004861
422,21.1,1,386.0,822.0,0.005435
422,21.1,2,763.5,846.5,0.001087
422,21.1,3,324.0,916.0,0.015563
423,21.15,1,385.0,822.0,0.002174
423,21.15,2,765.5,844.5,0.006149
423,21.15,3,321.0,912.5,0.010021
424,21.2,1,380.5,819.0,0.011757
424,21.2,2,768.0,842.5,0.00696
424,21.2,3,318.5,912.5,0.005435
425,21.25,1,379.5,812.5,0.014297
425,21.25,2,768.5,843.0,0.001537
425,21.25,3,315.5,911.0,0.007292
426,21.3,1,382.0,807.5,0.012153
426,21.3,2,767.5,843.0,0.002174
426,21.3,3,311.0,908.5,0.011191
427,21.35,1,382.0,802.0,0.011957
427,21.35,2,768.0,842.5,0.001537
427,21.35,3,309.0,905.5,0.007838
428,21.4,1,378.5,797.0,0.013268
428,21.4,2,770.0,842.0,0.004482
428,21.4,3,307.5,901.0,0.010312
429,21.45,1,377.5,792.5,0.010021
429,21.45,2,772.5,839.5,0.007686
429,21.45,3,307.0,896.5,0.009843
430,21.5,1,373.5,789.5,0.01087
430,21.5,2,773.0,841.0,0.003437
430,21.5,3,305.0,891.0,0.012722
431,21.55,1,371.5,787.0,0.00696
431,21.55,2,773.0,843.5,0.005435
431,21.55,3,305.0,890.5,0.001087
432,21.6,1,369.0,786.0,0.005853
432,21.6,2,773.5,845.5,0.004482
432,21.6,3,305.0,893.0,0.005435
433,21.65,1,365.0,781.5,0.013089
433,21.65,2,772.5,846.0,0.002431
433,21.65,3,302.5,894.0,0.005853
434,21.7,1,364.0,778.0,0.007913
434,21.7,2,772.5,847.0,0.002174
434,21.7,3,303.5,894.5,0.002431
435,21.75,1,364.5,774.0,0.008763
435,21.75,2,773.5,845.0,0.004861
435,21.75,3,305.0,891.5,0.007292
436,21.8,1,363.5,767.5,0.014297
436,21.8,2,775.0,843.0,0.005435
436,21.8,3,306.0,889.0,0.005853
437,21.85,1,364.0,763.5,0.008763
437,21.85,2,775.5,844.0,0.002431
437,21.85,3,306.5,888.5,0.001537
438,21.9,1,364.5,759.5,0.008763
438,21.9,2,777.0,843.5,0.003437
438,21.9,3,307.0,892.0,0.007686
439,21.95,1,365.0,755.5,0.008763
439,21.95,2,777.5,843.0,0.001537
439,21.95,3,308.0,894.0,0.004861
440,22.0,1,366.0,754.5,0.003074
440,22.0,2,776.0,847.0,0.009287
440,22.0,3,310.0,896.0,0.006149
441,22.05,1,368.5,750.0,0.011191
441,22.05,2,773.5,850.0,0.008489
441,22.05,3,312.5,896.5,0.005542
442,22.1,1,371.5,746.5,0.010021
442,22.1,2,770.0,850.5,0.007686
442,22.1,3,314.0,896.5,0.003261
443,22.15,1,373.5,745.5,0.004861
443,22.15,2,767.0,851.5,0.006875
443,22.15,3,314.5,896.0,0.001537
444,22.2,1,376.5,745.0,0.006612
444,22.2,2,769.5,852.5,0.005853
444,22.2,3,316.0,894.5,0.004612
445,22.25,1,379.0,743.5,0.006338
445,22.25,2,773.0,852.5,0.007609
445,22.25,3,318.0,887.0,0.016874
446,22.3,1,380.0,742.0,0.003919
446,22.3,2,773.0,854.5,0.004348
446,22.3,3,319.0,883.5,0.007913
447,22.35,1,381.5,739.5,0.006338
447,22.35,2,773.0,855.0,0.001087
447,22.35,3,320.5,878.0,0.012393
448,22.4,1,383.5,737.0,0.00696
448,22.4,2,772.5,855.0,0.001087
448,22.4,3,322.5,875.5,0.00696
449,22.45,1,386.5,735.5,0.007292
449,22.45,2,770.0,855.5,0.005542
449,22.45,3,323.5,878.5,0.006875
450,22.5,1,389.5,733.5,0.007838
450,22.5,2,773.0,853.0,0.008489
450,22.5,3,320.5,880.0,0.007292
451,22.55,1,393.5,729.5,0.012298
451,22.55,2,772.5,851.5,0.003437
451,22.55,3,319.5,877.5,0.005853
452,22.6,1,399.0,725.5,0.014784
452,22.6,2,772.0,853.5,0.004482
452,22.6,3,318.5,875.0,0.005853
453,22.65,1,402.5,722.0,0.01076
453,22.65,2,771.5,855.5,0.004482
453,22.65,3,318.0,873.0,0.004482
454,22.7,1,405.5,718.5,0.010021
454,22.7,2,769.0,859.0,0.00935
454,22.7,3,315.0,868.0,0.012676
455,22.75,1,407.0,711.5,0.015563
455,22.75,2,766.5,863.0,0.010254
455,22.75,3,314.0,866.0,0.004861
456,22.8,1,409.0,703.0,0.018983
456,22.8,2,763.0,868.0,0.013268
456,22.8,3,312.5,864.0,0.005435
457,22.85,1,410.0,695.5,0.016449
457,22.85,2,758.0,869.5,0.011348
457,22.85,3,312.0,860.5,0.007686
458,22.9,1,410.0,689.5,0.013043
458,22.9,2,753.5,871.5,0.010705
458,22.9,3,311.5,859.5,0.002431
459,22.95,1,410.0,685.0,0.009783
459,22.95,2,751.5,870.0,0.005435
459,22.95,3,312.5,861.0,0.003919
460,23.0,1,408.5,678.0,0.015563
460,23.0,2,747.5,874.5,0.013089
460,23.0,3,312.5,861.5,0.001087
461,23.05,1,410.0,669.5,0.018764
461,23.05,2,743.5,877.0,0.010254
461,23.05,3,312.5,860.5,0.002174
462,23.1,1,408.5,659.0,0.023058
462,23.1,2,740.5,877.0,0.006522
462,23.1,3,313.5,860.0,0.002431
463,23.15,1,403.0,650.5,0.022009
463,23.15,2,737.5,879.5,0.008489
463,23.15,3,312.0,859.0,0.003919
464,23.2,1,402.5,641.0,0.020681
464,23.2,2,737.0,881.0,0.003437
464,23.2,3,312.0,857.5,0.003261
465,23.25,1,401.0,633.0,0.017694
465,23.25,2,735.0,884.5,0.008763
465,23.25,3,312.5,856.0,0.003437
466,23.3,1,400.0,628.0,0.011085
466,23.3,2,734.5,885.0,0.001537
466,23.3,3,315.5,851.5,0.011757
467,23.35,1,398.0,622.5,0.012722
467,23.35,2,733.0,886.0,0.003919
467,23.35,3,316.5,850.5,0.003074
468,23.4,1,393.5,615.0,0.019014
468,23.4,2,732.5,882.5,0.007686
468,23.4,3,314.5,854.0,0.008763
469,23.45,1,387.5,606.5,0.022618
469,23.45,2,732.5,880.5,0.004348
469,23.45,3,315.5,856.5,0.005853
470,23.5,1,383.5,601.5,0.01392
470,23.5,2,733.5,877.0,0.007913
470,23.5,3,315.5,858.0,0.003261
471,23.55,1,379.0,594.5,0.018091
471,23.55,2,733.5,872.5,0.009783
471,23.55,3,317.0,862.0,0.009287
472,23.6,1,375.5,587.5,0.017014
472,23.6,2,733.0,871.0,0.003437
472,23.6,3,318.0,864.0,0.004861
473,23.65,1,375.5,584.5,0.006522
473,23.65,2,734.0,869.0,0.004861
473,23.65,3,318.5,864.5,0.001537
474,23.7,1,375.5,582.0,0.005435
474,23.7,2,734.0,867.5,0.003261
474,23.7,3,318.5,865.5,0.002174
475,23.75,1,375.0,578.5,0.007686
475,23.75,2,734.0,866.5,0.002174
475,23.75,3,320.5,866.5,0.004861
476,23.8,1,373.0,572.0,0.014784
476,23.8,2,735.5,865.5,0.003919
476,23.8,3,324.5,867.0,0.008763
477,23.85,1,372.0,561.0,0.024012
477,23.85,2,735.5,863.5,0.004348
477,23.85,3,325.5,868.0,0.003074
478,23.9,1,370.5,555.5,0.012393
478,23.9,2,734.5,861.0,0.005853
478,23.9,3,327.0,870.5,0.006338
479,23.95,1,368.0,552.0,0.00935
479,23.95,2,732.0,859.5,0.006338
479,23.95,3,329.5,872.5,0.00696
480,24.0,1,363.0,544.5,0.019595
480,24.0,2,734.0,861.0,0.005435
480,24.0,3,332.0,876.0,0.00935
481,24.05,1,361.5,540.5,0.009287
481,24.05,2,735.0,857.5,0.007913
481,24.05,3,332.0,876.0,0.0
482,24.1,1,357.0,536.0,0.013835
482,24.1,2,736.5,858.0,0.003437
482,24.1,3,337.0,881.5,0.016159
483,24.15,1,354.0,528.5,0.01756
483,24.15,2,737.5,858.5,0.002431
483,24.15,3,340.0,888.0,0.015563
484,24.2,1,351.5,524.0,0.011191
484,24.2,2,738.0,859.0,0.001537
484,24.2,3,339.0,891.5,0.007913
485,24.25,1,345.0,514.5,0.025024
485,24.25,2,738.5,858.5,0.001537
485,24.25,3,338.5,890.5,0.002431
486,24.3,1,338.5,507.0,0.021575
486,24.3,2,737.5,860.0,0.003919
486,24.3,3,338.5,893.0,0.005435
487,24.35,1,334.0,501.5,0.015449
487,24.35,2,737.5,860.0,0.0
487,24.35,3,339.0,897.0,0.008763
488,24.4,1,333.5,490.5,0.023938
488,24.4,2,736.5,857.5,0.005853
488,24.4,3,345.5,902.0,0.017827
489,24.45,1,328.5,484.0,0.017827
489,24.45,2,735.5,857.0,0.002431
489,24.45,3,350.0,905.5,0.012393
490,24.5,1,326.5,471.5,0.02752
490,24.5,2,735.5,856.5,0.001087
490,24.5,3,354.0,907.5,0.009722
491,24.55,1,324.5,462.0,0.021105
491,24.55,2,737.5,855.0,0.005435
491,24.55,3,357.5,911.5,0.011555
492,24.6,1,320.5,455.5,0.016592
492,24.6,2,739.5,859.0,0.009722
492,24.6,3,359.0,918.0,0.014502
493,24.65,1,311.5,449.0,0.024134
493,24.65,2,737.5,853.5,0.012722
493,24.65,3,365.5,922.5,0.017186
494,24.7,1,308.5,443.0,0.014583
494,24.7,2,735.5,846.5,0.015826
494,24.7,3,369.0,926.0,0.01076
495,24.75,1,305.5,438.5,0.011757
495,24.75,2,737.5,845.0,0.005435
495,24.75,3,372.0,930.0,0.01087
496,24.8,1,297.0,436.5,0.018983
496,24.8,2,740.0,842.5,0.007686
496,24.8,3,377.0,931.5,0.011348
497,24.85,1,288.0,435.5,0.019686
497,24.85,2,743.0,842.5,0.006522
497,24.85,3,380.0,933.5,0.007838
498,24.9,1,281.0,432.5,0.016556
498,24.9,2,746.5,842.0,0.007686
498,24.9,3,383.5,935.0,0.008278
499,24.95,1,275.0,428.0,0.016304
499,24.95,2,749.5,837.5,0.011757
499,24.95,3,385.5,936.0,0.004861
500,25.0,1,268.5,426.5,0.014502
500,25.0,2,750.0,836.0,0.003437
500,25.0,3,389.0,933.5,0.00935
501,25.05,1,261.5,422.0,0.018091
501,25.05,2,751.5,831.0,0.011348
501,25.05,3,398.5,932.5,0.020766
502,25.1,1,255.0,414.0,0.022408
502,25.1,2,751.5,827.5,0.007609
502,25.1,3,405.5,935.0,0.016159
503,25.15,1,250.0,409.0,0.015372
503,25.15,2,748.0,821.0,0.016049
503,25.15,3,410.5,936.0,0.011085
504,25.2,1,241.5,404.0,0.021438
504,25.2,2,747.0,814.5,0.014297
504,25.2,3,416.5,936.0,0.013043
505,25.25,1,237.5,399.5,0.013089
505,25.25,2,747.0,809.0,0.011957
505,25.25,3,421.5,935.5,0.010924
506,25.3,1,229.5,390.5,0.026177
506,25.3,2,747.5,803.0,0.013089
506,25.3,3,430.0,936.5,0.018606
507,25.35,1,225.5,382.5,0.019444
507,25.35,2,747.5,794.5,0.018478
507,25.35,3,440.0,932.5,0.023414
508,25.4,1,221.5,375.5,0.017527
508,25.4,2,747.0,783.5,0.023938
508,25.4,3,452.5,932.0,0.027196
509,25.45,1,220.0,369.0,0.014502
509,25.45,2,746.0,775.5,0.017527
509,25.45,3,461.5,934.0,0.020042
510,25.5,1,218.5,361.0,0.017694
510,25.5,2,743.5,761.0,0.031987
510,25.5,3,466.0,932.5,0.010312
511,25.55,1,217.5,353.0,0.017527
511,25.55,2,744.0,750.5,0.022852
511,25.55,3,469.0,929.5,0.009223
512,25.6,1,215.5,335.0,0.039371
512,25.6,2,743.5,741.0,0.020681
512,25.6,3,473.0,931.0,0.009287
513,25.65,1,215.0,322.5,0.027196
513,25.65,2,742.5,730.5,0.022929
513,25.65,3,476.0,935.0,0.01087
514,25.7,1,216.0,313.5,0.019686
514,25.7,2,739.0,719.0,0.026132
514,25.7,3,478.5,935.5,0.005542
515,25.75,1,214.0,305.5,0.017927
515,25.75,2,733.5,708.5,0.025768
515,25.75,3,483.5,933.5,0.011707
516,25.8,1,212.0,299.0,0.014784
516,25.8,2,727.5,698.0,0.02629
516,25.8,3,494.0,928.5,0.025282
517,25.85,1,210.0,292.5,0.014784
517,25.85,2,725.5,682.0,0.035053
517,25.85,3,499.5,919.5,0.022929
518,25.9,1,212.0,284.5,0.017927
518,25.9,2,725.0,672.5,0.020681
518,25.9,3,500.5,915.5,0.008963
519,25.95,1,212.5,278.5,0.013089
519,25.95,2,723.0,665.0,0.016874
519,25.95,3,504.5,919.5,0.012298
520,26.0,1,213.0,271.0,0.016341
520,26.0,2,720.0,658.0,0.016556
520,26.0,3,508.5,923.0,0.011555
521,26.05,1,213.0,263.0,0.017391
521,26.05,2,716.5,652.0,0.0151
521,26.05,3,514.0,924.0,0.012153
522,26.1,1,213.5,257.0,0.013089
522,26.1,2,714.5,648.0,0.009722
522,26.1,3,524.5,926.5,0.023464
523,26.15,1,215.5,252.0,0.011707
523,26.15,2,715.5,645.5,0.005853
523,26.15,3,536.5,929.0,0.026647
524,26.2,1,219.5,248.0,0.012298
524,26.2,2,718.5,638.0,0.01756
524,26.2,3,542.5,930.0,0.013223
525,26.25,1,227.5,237.0,0.029568
525,26.25,2,723.0,632.5,0.015449
525,26.25,3,547.0,931.5,0.010312
526,26.3,1,232.0,232.5,0.013835
526,26.3,2,728.5,628.0,0.015449
526,26.3,3,550.5,933.5,0.008763
527,26.35,1,236.0,228.0,0.013089
527,26.35,2,738.5,623.5,0.023839
527,26.35,3,553.0,933.5,0.005435
528,26.4,1,235.0,227.5,0.002431
528,26.4,2,746.0,620.5,0.01756
528,26.4,3,555.0,936.5,0.007838
529,26.45,1,237.0,229.5,0.006149
529,26.45,2,753.0,618.5,0.015826
529,26.45,3,557.0,936.0,0.004482
530,26.5,1,238.5,234.0,0.010312
530,26.5,2,759.5,614.0,0.017186
530,26.5,3,558.0,936.5,0.002431
531,26.55,1,239.0,238.5,0.009843
531,26.55,2,765.0,609.5,0.015449
531,26.55,3,559.5,935.5,0.003919
532,26.6,1,237.5,241.0,0.006338
532,26.6,2,774.5,609.0,0.020681
532,26.6,3,560.0,934.5,0.002431
533,26.65,1,236.5,242.5,0.003919
533,26.65,2,781.0,606.5,0.01514
533,26.65,3,562.0,933.0,0.005435
534,26.7,1,236.0,244.5,0.004482
534,26.7,2,786.5,607.5,0.012153
534,26.7,3,564.0,932.0,0.004861
535,26.75,1,236.0,247.0,0.005435
535,26.75,2,794.5,613.0,0.021105
535,26.75,3,569.5,930.0,0.012722
536,26.8,1,236.0,250.0,0.006522
536,26.8,2,803.5,617.0,0.021411
536,26.8,3,576.5,928.5,0.015563
537,26.85,1,237.0,250.5,0.002431
537,26.85,2,810.5,618.5,0.015563
537,26.85,3,582.5,923.0,0.017694
538,26.9,1,237.5,252.0,0.003437
538,26.9,2,817.0,620.0,0.014502
538,26.9,3,590.5,919.0,0.019444
539,26.95,1,236.5,253.0,0.003074
539,26.95,2,828.5,618.5,0.025212
539,26.95,3,596.5,918.5,0.013089
540,27.0,1,234.5,251.5,0.005435
540,27.0,2,836.0,611.0,0.023058
540,27.0,3,602.5,917.0,0.013445
541,27.05,1,235.0,254.0,0.005542
541,27.05,2,841.5,602.5,0.022009
541,27.05,3,605.5,913.5,0.010021
542,27.1,1,235.0,256.5,0.005435
542,27.1,2,846.0,597.5,0.014624
542,27.1,3,611.5,904.5,0.023514
543,27.15,1,235.0,258.5,0.004348
543,27.15,2,848.0,592.0,0.012722
543,27.15,3,619.5,900.5,0.019444
544,27.2,1,235.5,259.5,0.002431
544,27.2,2,857.0,580.5,0.031746
544,27.2,3,626.5,895.5,0.018701
545,27.25,1,235.5,261.5,0.004348
545,27.25,2,867.0,569.0,0.03313
545,27.25,3,633.5,895.5,0.015217
546,27.3,1,235.5,261.0,0.001087
546,27.3,2,865.0,559.0,0.02217
546,27.3,3,642.0,894.0,0.018764
547,27.35,1,235.0,261.5,0.001537
547,27.35,2,864.5,551.5,0.016341
547,27.35,3,649.5,891.0,0.01756
548,27.4,1,235.0,261.0,0.001087
548,27.4,2,867.5,546.5,0.012676
548,27.4,3,655.0,892.0,0.012153
549,27.45,1,234.5,260.5,0.001537
549,27.45,2,873.5,543.5,0.014583
549,27.45,3,660.0,895.0,0.012676
550,27.5,1,234.5,259.5,0.002174
550,27.5,2,878.0,542.5,0.010021
550,27.5,3,665.0,895.5,0.010924
551,27.55,1,235.0,259.5,0.001087
551,27.55,2,880.5,541.0,0.006338
551,27.55,3,675.0,894.5,0.021848
552,27.6,1,234.0,261.0,0.003919
552,27.6,2,879.0,542.5,0.004612
552,27.6,3,681.0,895.5,0.013223
553,27.65,1,234.0,262.0,0.002174
553,27.65,2,878.5,548.5,0.013089
553,27.65,3,685.5,897.0,0.010312
554,27.7,1,234.5,261.5,0.001537
554,27.7,2,878.5,552.5,0.008696
554,27.7,3,690.0,897.0,0.009783
555,27.75,1,234.0,260.5,0.002431
555,27.75,2,878.5,554.5,0.004348
555,27.75,3,694.5,897.0,0.009783
556,27.8,1,234.0,259.5,0.002174
556,27.8,2,877.0,557.5,0.007292
556,27.8,3,697.0,897.5,0.005542
557,27.85,1,233.5,258.5,0.002431
557,27.85,2,875.5,559.5,0.005435
557,27.85,3,698.5,896.5,0.003919
558,27.9,1,235.0,257.5,0.003919
558,27.9,2,879.0,562.0,0.00935
558,27.9,3,703.5,894.5,0.011707
559,27.95,1,237.5,257.0,0.005542
559,27.95,2,878.5,560.0,0.004482
559,27.95,3,710.0,893.0,0.014502
560,28.0,1,239.0,256.0,0.003919
560,28.0,2,875.5,552.0,0.018574
560,28.0,3,714.5,892.5,0.009843
561,28.05,1,239.0,257.0,0.002174
561,28.05,2,874.0,546.5,0.012393
561,28.05,3,718.0,885.5,0.017014
562,28.1,1,240.0,256.5,0.002431
562,28.1,2,872.5,544.0,0.006338
562,28.1,3,721.5,880.0,0.014172
563,28.15,1,242.0,254.0,0.00696
563,28.15,2,871.5,539.5,0.010021
563,28.15,3,724.0,875.5,0.011191
564,28.2,1,243.5,251.0,0.007292
564,28.2,2,871.0,533.5,0.013089
564,28.2,3,724.0,871.5,0.008696
565,28.25,1,244.0,245.0,0.013089
565,28.25,2,871.0,526.0,0.016304
565,28.25,3,722.5,866.5,0.011348
566,28.3,1,245.0,238.5,0.014297
566,28.3,2,867.5,520.5,0.014172
566,28.3,3,724.5,862.0,0.010705
567,28.35,1,244.0,237.0,0.003919
567,28.35,2,865.0,516.5,0.010254
567,28.35,3,725.0,857.0,0.010924
568,28.4,1,244.0,236.5,0.001087
568,28.4,2,864.0,510.5,0.013223
568,28.4,3,723.0,848.5,0.018983
569,28.45,1,246.0,235.0,0.005435
569,28.45,2,864.0,497.0,0.029348
569,28.45,3,720.0,835.0,0.030064
570,28.5,1,249.5,232.5,0.00935
570,28.5,2,861.0,487.5,0.021657
570,28.5,3,719.0,818.5,0.035935
571,28.55,1,252.5,229.5,0.009223
571,28.55,2,857.5,476.5,0.025094
571,28.55,3,722.0,806.5,0.02689
572,28.6,1,257.5,224.0,0.016159
572,28.6,2,851.5,463.5,0.031126
572,28.6,3,726.0,793.5,0.029568
573,28.65,1,264.0,215.0,0.024134
573,28.65,2,848.0,452.0,0.026132
573,28.65,3,729.5,785.0,0.019983
574,28.7,1,272.0,213.5,0.017694
574,28.7,2,845.0,442.0,0.022696
574,28.7,3,734.0,776.5,0.020908
575,28.75,1,277.0,210.5,0.012676
575,28.75,2,838.5,436.5,0.01851
575,28.75,3,736.5,768.0,0.019261
576,28.8,1,278.5,204.5,0.013445
576,28.8,2,831.0,431.5,0.019595
576,28.8,3,739.0,754.5,0.029847
577,28.85,1,279.5,201.0,0.007913
577,28.85,2,823.5,427.5,0.018478
577,28.85,3,739.5,745.0,0.020681
578,28.9,1,281.5,198.0,0.007838
578,28.9,2,815.0,420.0,0.024643
578,28.9,3,746.5,734.0,0.028344
579,28.95,1,285.5,196.0,0.009722
579,28.95,2,808.5,415.0,0.017827
579,28.95,3,752.5,727.0,0.020042
580,29.0,1,289.5,193.0,0.01087
580,29.0,2,803.0,414.0,0.012153
580,29.0,3,761.0,723.0,0.020422
581,29.05,1,292.0,189.0,0.010254
581,29.05,2,793.0,411.5,0.022408
581,29.05,3,769.0,713.5,0.026999
582,29.1,1,294.5,182.0,0.016159
582,29.1,2,782.5,408.0,0.024061
582,29.1,3,776.5,705.5,0.023839
583,29.15,1,296.5,174.5,0.016874
583,29.15,2,771.5,407.0,0.024012
583,29.15,3,786.0,702.0,0.022009
584,29.2,1,298.0,167.0,0.016627
584,29.2,2,762.5,403.5,0.020993
584,29.2,3,798.5,697.5,0.028881
585,29.25,1,299.0,158.0,0.019686
585,29.25,2,756.0,397.5,0.01923
585,29.25,3,807.0,700.0,0.019261
586,29.3,1,300.0,149.5,0.018606
586,29.3,2,753.0,393.5,0.01087
586,29.3,3,818.0,695.5,0.025837
587,29.35,1,300.0,147.5,0.004348
587,29.35,2,753.5,388.5,0.010924
587,29.35,3,826.5,686.0,0.027712
588,29.4,1,300.0,148.0,0.001087
588,29.4,2,753.0,381.0,0.016341
588,29.4,3,832.0,680.0,0.017694
589,29.45,1,299.0,146.5,0.003919
589,29.45,2,753.5,375.5,0.012006
589,29.45,3,834.0,677.5,0.00696
590,29.5,1,299.0,140.5,0.013043
590,29.5,2,755.5,365.0,0.023236
590,29.5,3,838.0,678.5,0.008963
591,29.55,1,298.5,134.0,0.014172
591,29.55,2,756.0,356.5,0.01851
591,29.55,3,841.5,679.0,0.007686
592,29.6,1,297.5,127.5,0.014297
592,29.6,2,759.0,348.5,0.018574
592,29.6,3,843.5,678.5,0.004482
